File,Line,Method,Endpoint,Full_URL
"src/app/(admin)/86/page.tsx",64,GET,"/api/inventory/86-status","/api/inventory/86-status?${params}"
"src/app/(admin)/combos/page.tsx",110,GET,"/api/combos","/api/combos?locationId=${employee.location.id}"
"src/app/(admin)/combos/page.tsx",111,GET,"/api/menu","/api/menu?locationId=${employee.location.id}"
"src/app/(admin)/combos/page.tsx",142,GET,"/api/menu/items/{id}/modifiers","/api/menu/items/${itemId}/modifiers"
"src/app/(admin)/combos/page.tsx",306,GET,"/api/combos/{id}","/api/combos/${id}"
"src/app/(admin)/combos/page.tsx",317,GET,"/api/combos/{id}","/api/combos/${combo.id}"
"src/app/(admin)/coupons/page.tsx",68,GET,"/api/coupons/{id}","/api/coupons/${coupon.id}"
"src/app/(admin)/customers/page.tsx",100,GET,"/api/customers","/api/customers?${params}"
"src/app/(admin)/customers/page.tsx",163,GET,"/api/customers/{id}","/api/customers/${customerId}?${params}"
"src/app/(admin)/customers/page.tsx",254,GET,"/api/customers/{id}","/api/customers/${viewingCustomer.id}"
"src/app/(admin)/discounts/page.tsx",157,GET,"/api/discounts/{id}","/api/discounts/${discount.id}"
"src/app/(admin)/employees/[id]/payment/page.tsx",168,GET,"/api/employees/{id}/payment","/api/employees/${employeeId}/payment"
"src/app/(admin)/employees/[id]/payment/page.tsx",95,GET,"/api/employees/{id}/payment","/api/employees/${employeeId}/payment"
"src/app/(admin)/employees/page.tsx",155,GET,"/api/employees/{id}","/api/employees/${emp.id}"
"src/app/(admin)/employees/page.tsx",236,GET,"/api/employees/{id}","/api/employees/${emp.id}"
"src/app/(admin)/employees/page.tsx",256,GET,"/api/employees/{id}","/api/employees/${emp.id}"
"src/app/(admin)/employees/page.tsx",92,GET,"/api/employees","/api/employees?locationId=${currentEmployee.location.id}&includeInactive=${showInactive}"
"src/app/(admin)/employees/page.tsx",93,GET,"/api/roles","/api/roles?locationId=${currentEmployee.location.id}"
"src/app/(admin)/events/[id]/check-in/page.tsx",107,GET,"/api/tickets/{id}/check-in","/api/tickets/${scanInput.trim()}/check-in"
"src/app/(admin)/events/[id]/check-in/page.tsx",146,GET,"/api/tickets/{id}/check-in","/api/tickets/${ticketId}/check-in"
"src/app/(admin)/events/[id]/check-in/page.tsx",172,GET,"/api/tickets/{id}/check-in","/api/tickets/${ticketId}/check-in"
"src/app/(admin)/events/[id]/check-in/page.tsx",75,GET,"/api/events/{id}","/api/events/${id}"
"src/app/(admin)/events/[id]/check-in/page.tsx",80,GET,"/api/tickets","/api/tickets?eventId=${id}"
"src/app/(admin)/events/[id]/page.tsx",105,GET,"/api/events/{id}/conflicts","/api/events/${id}/conflicts"
"src/app/(admin)/events/[id]/page.tsx",120,GET,"/api/events/{id}/publish","/api/events/${id}/publish"
"src/app/(admin)/events/[id]/page.tsx",134,GET,"/api/events/{id}/resolve-conflicts","/api/events/${id}/resolve-conflicts"
"src/app/(admin)/events/[id]/page.tsx",99,GET,"/api/events/{id}","/api/events/${id}"
"src/app/(admin)/events/[id]/sell/page.tsx",127,GET,"/api/events/{id}/tickets/hold","/api/events/${id}/tickets/hold"
"src/app/(admin)/events/[id]/sell/page.tsx",162,GET,"/api/events/{id}/tickets/purchase","/api/events/${id}/tickets/purchase"
"src/app/(admin)/events/[id]/sell/page.tsx",197,GET,"/api/events/{id}/tickets/release","/api/events/${id}/tickets/release"
"src/app/(admin)/events/[id]/sell/page.tsx",97,GET,"/api/events/{id}/availability","/api/events/${id}/availability"
"src/app/(admin)/events/page.tsx",187,GET,"/api/events/{id}/publish","/api/events/${event.id}/publish"
"src/app/(admin)/events/page.tsx",205,GET,"/api/events/{id}","/api/events/${event.id}"
"src/app/(admin)/events/page.tsx",80,GET,"/api/events","/api/events?${params}"
"src/app/(admin)/gift-cards/page.tsx",106,GET,"/api/gift-cards","/api/gift-cards?${params}"
"src/app/(admin)/gift-cards/page.tsx",127,GET,"/api/gift-cards/{id}","/api/gift-cards/${card.id}"
"src/app/(admin)/gift-cards/page.tsx",162,GET,"/api/gift-cards/{id}","/api/gift-cards/${selectedCard.id}"
"src/app/(admin)/gift-cards/page.tsx",185,GET,"/api/gift-cards/{id}","/api/gift-cards/${card.id}"
"src/app/(admin)/house-accounts/page.tsx",143,GET,"/api/house-accounts/{id}","/api/house-accounts/${account.id}"
"src/app/(admin)/house-accounts/page.tsx",227,GET,"/api/house-accounts/{id}","/api/house-accounts/${selectedAccount.id}"
"src/app/(admin)/house-accounts/page.tsx",253,GET,"/api/house-accounts/{id}","/api/house-accounts/${account.id}"
"src/app/(admin)/inventory/counts/page.tsx",113,GET,"/api/inventory/storage-locations","/api/inventory/storage-locations?locationId=${employee.location.id}"
"src/app/(admin)/inventory/counts/page.tsx",132,GET,"/api/inventory/counts/{id}","/api/inventory/counts/${id}"
"src/app/(admin)/inventory/counts/page.tsx",164,GET,"/api/inventory/counts/{id}","/api/inventory/counts/${countDetail.id}"
"src/app/(admin)/inventory/counts/page.tsx",194,GET,"/api/inventory/counts/{id}","/api/inventory/counts/${countDetail.id}"
"src/app/(admin)/inventory/counts/page.tsx",217,GET,"/api/inventory/counts/{id}","/api/inventory/counts/${countDetail.id}"
"src/app/(admin)/inventory/daily-prep-counts/page.tsx",100,GET,"/api/inventory/daily-counts","/api/inventory/daily-counts?locationId=${locationId}&limit=20"
"src/app/(admin)/inventory/daily-prep-counts/page.tsx",242,GET,"/api/inventory/daily-counts/{id}","/api/inventory/daily-counts/${activeCount.id}"
"src/app/(admin)/inventory/daily-prep-counts/page.tsx",271,GET,"/api/inventory/daily-counts/{id}/submit","/api/inventory/daily-counts/${activeCount.id}/submit"
"src/app/(admin)/inventory/daily-prep-counts/page.tsx",296,GET,"/api/inventory/daily-counts/{id}","/api/inventory/daily-counts/${count.id}"
"src/app/(admin)/inventory/daily-prep-counts/page.tsx",315,GET,"/api/inventory/daily-counts/{id}/approve","/api/inventory/daily-counts/${activeCount.id}/approve"
"src/app/(admin)/inventory/daily-prep-counts/page.tsx",343,GET,"/api/inventory/daily-counts/{id}/approve","/api/inventory/daily-counts/${activeCount.id}/approve"
"src/app/(admin)/inventory/daily-prep-counts/page.tsx",99,GET,"/api/inventory/prep-tray-configs","/api/inventory/prep-tray-configs?locationId=${locationId}"
"src/app/(admin)/inventory/items/page.tsx",143,GET,"/api/inventory/items","/api/inventory/items?${buildQueryParams(0)}"
"src/app/(admin)/inventory/items/page.tsx",144,GET,"/api/inventory/vendors","/api/inventory/vendors?locationId=${employee.location.id}"
"src/app/(admin)/inventory/items/page.tsx",170,GET,"/api/inventory/items","/api/inventory/items?${buildQueryParams(items.length)}"
"src/app/(admin)/inventory/items/page.tsx",196,GET,"/api/inventory/items/{id}","/api/inventory/items/${id}"
"src/app/(admin)/inventory/quick-adjust/page.tsx",81,GET,"/api/inventory/stock-adjust","/api/inventory/stock-adjust?locationId=${locationId}"
"src/app/(admin)/inventory/settings/page.tsx",64,GET,"/api/inventory/settings","/api/inventory/settings?locationId=${employee.location.id}"
"src/app/(admin)/inventory/transactions/page.tsx",123,GET,"/api/inventory/transactions","/api/inventory/transactions?${params}"
"src/app/(admin)/inventory/vendors/page.tsx",53,GET,"/api/inventory/vendors","/api/inventory/vendors?locationId=${locationId}&activeOnly=false"
"src/app/(admin)/inventory/waste/page.tsx",104,GET,"/api/inventory/waste","/api/inventory/waste?${params}"
"src/app/(admin)/inventory/waste/page.tsx",362,GET,"/api/inventory/items","/api/inventory/items?locationId=${locationId}&activeOnly=true"
"src/app/(admin)/liquor-builder/LiquorModifierGroupEditor.tsx",114,GET,"/api/menu/modifiers/{id}","/api/menu/modifiers/${group.id}"
"src/app/(admin)/liquor-builder/page.tsx",1577,GET,"/api/menu/items/{id}/modifier-groups/{id}/modifiers","/api/menu/items/${selectedDrink.id}/modifier-groups/${mg.id}/modifiers"
"src/app/(admin)/liquor-builder/page.tsx",1602,GET,"/api/menu/items/{id}/modifier-groups/{id}/modifiers","/api/menu/items/${selectedDrink.id}/modifier-groups/${mg.id}/modifiers"
"src/app/(admin)/liquor-builder/page.tsx",1621,GET,"/api/menu/items/{id}/modifier-groups/{id}/modifiers","/api/menu/items/${selectedDrink.id}/modifier-groups/${mg.id}/modifiers"
"src/app/(admin)/liquor-builder/page.tsx",1656,GET,"/api/menu/items/{id}/modifier-groups/{id}/modifiers","/api/menu/items/${selectedDrink.id}/modifier-groups/${mg.id}/modifiers"
"src/app/(admin)/liquor-builder/page.tsx",170,GET,"/api/liquor/bottles","/api/liquor/bottles?_t=${Date.now()}"
"src/app/(admin)/liquor-builder/page.tsx",1747,GET,"/api/menu/items/{id}/modifier-groups","/api/menu/items/${selectedDrink.id}/modifier-groups"
"src/app/(admin)/liquor-builder/page.tsx",1821,GET,"/api/liquor/categories/{id}","/api/liquor/categories/${editingCategory.id}"
"src/app/(admin)/liquor-builder/page.tsx",1882,GET,"/api/menu/items/{id}/recipe","/api/menu/items/${itemId}/recipe"
"src/app/(admin)/liquor-builder/page.tsx",1936,GET,"/api/menu/categories/{id}","/api/menu/categories/${editingMenuCategory.id}"
"src/app/(admin)/liquor-builder/page.tsx",252,GET,"/api/menu/items/{id}/recipe","/api/menu/items/${itemId}/recipe"
"src/app/(admin)/liquor-builder/page.tsx",279,GET,"/api/menu/items/{id}/modifier-groups","/api/menu/items/${itemId}/modifier-groups"
"src/app/(admin)/liquor-builder/page.tsx",353,GET,"/api/menu/items/{id}/modifier-groups","/api/menu/items/${itemId}/modifier-groups"
"src/app/(admin)/liquor-builder/page.tsx",369,GET,"/api/menu/items/{id}/modifier-groups/{id}/modifiers","/api/menu/items/${itemId}/modifier-groups/${gid}/modifiers"
"src/app/(admin)/liquor-builder/page.tsx",400,GET,"/api/menu/items/{id}/modifier-groups/{id}/modifiers","/api/menu/items/${selectedDrink.id}/modifier-groups/${groupId}/modifiers"
"src/app/(admin)/liquor-builder/page.tsx",426,GET,"/api/menu/items/{id}/modifier-groups/{id}/modifiers","/api/menu/items/${selectedDrink.id}/modifier-groups/${spiritGroupId}/modifiers"
"src/app/(admin)/liquor-builder/page.tsx",449,GET,"/api/menu/items/{id}/modifier-groups/{id}/modifiers","/api/menu/items/${selectedDrink.id}/modifier-groups/${spiritGroupId}/modifiers"
"src/app/(admin)/liquor-builder/page.tsx",466,GET,"/api/menu/items/{id}","/api/menu/items/${selectedDrink.id}"
"src/app/(admin)/liquor-builder/page.tsx",493,GET,"/api/menu/items/{id}","/api/menu/items/${selectedDrink.id}"
"src/app/(admin)/liquor-builder/page.tsx",500,GET,"/api/menu/items/{id}/recipe","/api/menu/items/${selectedDrink.id}/recipe"
"src/app/(admin)/liquor-builder/page.tsx",585,GET,"/api/menu/items/{id}","/api/menu/items/${selectedDrink.id}"
"src/app/(admin)/liquor-builder/page.tsx",619,GET,"/api/menu/items/{id}","/api/menu/items/${selectedDrink.id}"
"src/app/(admin)/liquor-builder/page.tsx",811,GET,"/api/menu/items/{id}","/api/menu/items/${drink.id}"
"src/app/(admin)/liquor-builder/page.tsx",829,GET,"/api/menu/items/{id}","/api/menu/items/${drink.id}"
"src/app/(admin)/liquor-builder/page.tsx",898,GET,"/api/menu/items/{id}","/api/menu/items/${selectedDrink.id}"
"src/app/(admin)/liquor-builder/page.tsx",918,GET,"/api/menu/items/{id}","/api/menu/items/${selectedDrink.id}"
"src/app/(admin)/menu/page.tsx",258,GET,"/api/ingredients","/api/ingredients?locationId=${locationId}"
"src/app/(admin)/menu/page.tsx",259,GET,"/api/ingredient-categories","/api/ingredient-categories?locationId=${locationId}"
"src/app/(admin)/menu/page.tsx",260,GET,"/api/hardware/printers","/api/hardware/printers?locationId=${locationId}"
"src/app/(admin)/menu/page.tsx",261,GET,"/api/hardware/kds-screens","/api/hardware/kds-screens?locationId=${locationId}"
"src/app/(admin)/menu/page.tsx",416,GET,"/api/menu/items/{id}/modifier-groups","/api/menu/items/${targetItemId}/modifier-groups"
"src/app/(admin)/menu/page.tsx",476,GET,"/api/menu/categories/{id}","/api/menu/categories/${id}"
"src/app/(admin)/menu/page.tsx",495,GET,"/api/menu/items/{id}","/api/menu/items/${id}"
"src/app/(admin)/menu/page.tsx",507,GET,"/api/menu/items/{id}","/api/menu/items/${item.id}"
"src/app/(admin)/monitoring/errors/page.tsx",74,GET,"/api/monitoring/errors","/api/monitoring/errors?${params}"
"src/app/(admin)/monitoring/page.tsx",68,GET,"/api/monitoring/errors","/api/monitoring/errors?stats=true&locationId=${locationId}"
"src/app/(admin)/monitoring/page.tsx",69,GET,"/api/monitoring/health-check","/api/monitoring/health-check?locationId=${locationId}"
"src/app/(admin)/orders/manager/page.tsx",155,GET,"/api/orders/open","/api/orders/open?${params}"
"src/app/(admin)/orders/manager/page.tsx",176,GET,"/api/tables","/api/tables?locationId=${locationId}"
"src/app/(admin)/orders/manager/page.tsx",279,GET,"/api/orders/{id}","/api/orders/${orderId}"
"src/app/(admin)/payroll/page.tsx",140,GET,"/api/payroll/periods/{id}","/api/payroll/periods/${periodId}"
"src/app/(admin)/payroll/page.tsx",162,GET,"/api/payroll/periods/{id}","/api/payroll/periods/${periodId}"
"src/app/(admin)/payroll/page.tsx",179,GET,"/api/payroll/periods/{id}","/api/payroll/periods/${periodId}"
"src/app/(admin)/payroll/page.tsx",83,GET,"/api/payroll/periods","/api/payroll/periods?locationId=${employee.location.id}"
"src/app/(admin)/payroll/page.tsx",97,GET,"/api/payroll/periods/{id}","/api/payroll/periods/${periodId}"
"src/app/(admin)/pizza/page.tsx",133,GET,"/api/pizza/sizes/{id}","/api/pizza/sizes/${id}"
"src/app/(admin)/pizza/page.tsx",168,GET,"/api/pizza/crusts/{id}","/api/pizza/crusts/${id}"
"src/app/(admin)/pizza/page.tsx",203,GET,"/api/pizza/sauces/{id}","/api/pizza/sauces/${id}"
"src/app/(admin)/pizza/page.tsx",238,GET,"/api/pizza/cheeses/{id}","/api/pizza/cheeses/${id}"
"src/app/(admin)/pizza/page.tsx",270,GET,"/api/pizza/toppings/{id}","/api/pizza/toppings/${id}"
"src/app/(admin)/prep-stations/page.tsx",168,GET,"/api/prep-stations/{id}","/api/prep-stations/${station.id}"
"src/app/(admin)/prep-stations/page.tsx",184,GET,"/api/prep-stations/{id}","/api/prep-stations/${assigningStation.id}"
"src/app/(admin)/prep-stations/page.tsx",96,GET,"/api/menu","/api/menu?locationId=${employee.location.id}"
"src/app/(admin)/reports/commission/page.tsx",76,GET,"/api/reports/commission","/api/reports/commission?${params}"
"src/app/(admin)/reports/coupons/page.tsx",95,GET,"/api/reports/coupons","/api/reports/coupons?${params}"
"src/app/(admin)/reports/datacap/page.tsx",155,GET,"/api/reports/datacap-transactions","/api/reports/datacap-transactions?${params}"
"src/app/(admin)/reports/employees/page.tsx",98,GET,"/api/reports/employees","/api/reports/employees?${params}"
"src/app/(admin)/reports/forecasting/page.tsx",90,GET,"/api/reports/forecasting","/api/reports/forecasting?${params}"
"src/app/(admin)/reports/hourly/page.tsx",66,GET,"/api/reports/hourly","/api/reports/hourly?${params}"
"src/app/(admin)/reports/house-accounts/page.tsx",126,GET,"/api/house-accounts/{id}/payments","/api/house-accounts/${accountId}/payments"
"src/app/(admin)/reports/house-accounts/page.tsx",99,GET,"/api/reports/house-accounts","/api/reports/house-accounts?${params}"
"src/app/(admin)/reports/labor/page.tsx",102,GET,"/api/reports/labor","/api/reports/labor?${params}"
"src/app/(admin)/reports/liquor/page.tsx",146,GET,"/api/reports/liquor","/api/reports/liquor?${params}"
"src/app/(admin)/reports/order-history/page.tsx",130,GET,"/api/reports/order-history","/api/reports/order-history?${params}"
"src/app/(admin)/reports/page.tsx",64,GET,"/api/reports/sales","/api/reports/sales?${params}"
"src/app/(admin)/reports/payroll/page.tsx",112,GET,"/api/reports/payroll","/api/reports/payroll?${params}"
"src/app/(admin)/reports/reservations/page.tsx",119,GET,"/api/reports/reservations","/api/reports/reservations?${params}"
"src/app/(admin)/reports/sales/page.tsx",71,GET,"/api/reports/sales","/api/reports/sales?${params}"
"src/app/(admin)/reports/server-performance/page.tsx",85,GET,"/api/reports/server-performance","/api/reports/server-performance?${params}"
"src/app/(admin)/reports/shift/page.tsx",211,GET,"/api/reports/employee-shift","/api/reports/employee-shift?shiftId=${shiftId}&employeeId=${currentEmployee?.id}&locationId=${currentEmployee?.location?.id}"
"src/app/(admin)/reports/tip-adjustment/page.tsx",83,GET,"/api/reports/tip-adjustment","/api/reports/tip-adjustment?${params}"
"src/app/(admin)/reports/tip-adjustments/page.tsx",55,GET,"/api/payments/tip-eligible","/api/payments/tip-eligible?${params}"
"src/app/(admin)/reports/tips/page.tsx",101,GET,"/api/reports/tips","/api/reports/tips?${params}"
"src/app/(admin)/reports/voids/page.tsx",111,GET,"/api/reports/voids","/api/reports/voids?${params}"
"src/app/(admin)/reports/voids/page.tsx",85,GET,"/api/employees","/api/employees?${params}"
"src/app/(admin)/reservations/page.tsx",109,GET,"/api/tables","/api/tables?locationId=${locationId}"
"src/app/(admin)/reservations/page.tsx",124,GET,"/api/reservations/{id}","/api/reservations/${reservationId}"
"src/app/(admin)/reservations/page.tsx",141,GET,"/api/reservations/{id}","/api/reservations/${id}"
"src/app/(admin)/reservations/page.tsx",532,GET,"/api/bottle-service/tiers","/api/bottle-service/tiers?locationId=${locationId}"
"src/app/(admin)/scheduling/page.tsx",298,GET,"/api/schedules","/api/schedules?locationId=${employee.location.id}"
"src/app/(admin)/scheduling/page.tsx",322,GET,"/api/employees","/api/employees?locationId=${employee.location.id}"
"src/app/(admin)/scheduling/page.tsx",361,GET,"/api/schedules/{id}","/api/schedules/${scheduleId}"
"src/app/(admin)/scheduling/page.tsx",398,GET,"/api/schedules/{id}/shifts","/api/schedules/${selectedSchedule.id}/shifts"
"src/app/(admin)/scheduling/page.tsx",498,GET,"/api/schedules/{id}","/api/schedules/${selectedSchedule.id}"
"src/app/(admin)/settings/daily-counts/page.tsx",159,GET,"/api/inventory/prep-tray-configs/{id}","/api/inventory/prep-tray-configs/${trayId}"
"src/app/(admin)/settings/daily-counts/page.tsx",65,GET,"/api/inventory/prep-tray-configs","/api/inventory/prep-tray-configs?locationId=${locationId}"
"src/app/(admin)/settings/hardware/health/page.tsx",189,GET,"/api/hardware/readers/health","/api/hardware/readers/health?locationId=${locationId}"
"src/app/(admin)/settings/hardware/kds-screens/page.tsx",102,GET,"/api/hardware/kds-screens","/api/hardware/kds-screens?locationId=${locationId}"
"src/app/(admin)/settings/hardware/kds-screens/page.tsx",103,GET,"/api/prep-stations","/api/prep-stations?locationId=${locationId}"
"src/app/(admin)/settings/hardware/kds-screens/page.tsx",196,GET,"/api/hardware/kds-screens/{id}","/api/hardware/kds-screens/${screen.id}"
"src/app/(admin)/settings/hardware/kds-screens/page.tsx",220,GET,"/api/hardware/kds-screens/{id}/generate-code","/api/hardware/kds-screens/${screen.id}/generate-code"
"src/app/(admin)/settings/hardware/kds-screens/page.tsx",259,GET,"/api/hardware/kds-screens/{id}/unpair","/api/hardware/kds-screens/${screen.id}/unpair"
"src/app/(admin)/settings/hardware/page.tsx",137,GET,"/api/hardware/printers/{id}/ping","/api/hardware/printers/${printerId}/ping"
"src/app/(admin)/settings/hardware/page.tsx",83,GET,"/api/hardware/printers","/api/hardware/printers?locationId=${locationId}"
"src/app/(admin)/settings/hardware/page.tsx",84,GET,"/api/hardware/kds-screens","/api/hardware/kds-screens?locationId=${locationId}"
"src/app/(admin)/settings/hardware/page.tsx",85,GET,"/api/hardware/terminals","/api/hardware/terminals?locationId=${locationId}"
"src/app/(admin)/settings/hardware/page.tsx",86,GET,"/api/hardware/payment-readers","/api/hardware/payment-readers?locationId=${locationId}"
"src/app/(admin)/settings/hardware/payment-readers/page.tsx",393,GET,"/api/hardware/payment-readers","/api/hardware/payment-readers?locationId=${locationId}"
"src/app/(admin)/settings/hardware/payment-readers/page.tsx",406,GET,"/api/hardware/terminals","/api/hardware/terminals?locationId=${locationId}"
"src/app/(admin)/settings/hardware/payment-readers/page.tsx",427,GET,"/api/hardware/payment-readers/scan","/api/hardware/payment-readers/scan?locationId=${locationId}&networkTimeoutMs=4000"
"src/app/(admin)/settings/hardware/payment-readers/page.tsx",447,GET,"/api/hardware/payment-readers/{id}/ping","/api/hardware/payment-readers/${reader.id}/ping"
"src/app/(admin)/settings/hardware/payment-readers/page.tsx",465,GET,"/api/hardware/payment-readers/{id}/verify","/api/hardware/payment-readers/${reader.id}/verify"
"src/app/(admin)/settings/hardware/payment-readers/page.tsx",487,GET,"/api/hardware/payment-readers/{id}","/api/hardware/payment-readers/${reader.id}"
"src/app/(admin)/settings/hardware/payment-readers/page.tsx",535,GET,"/api/hardware/payment-readers/{id}","/api/hardware/payment-readers/${reader.id}"
"src/app/(admin)/settings/hardware/printers/page.tsx",177,GET,"/api/hardware/printers/{id}","/api/hardware/printers/${printer.id}"
"src/app/(admin)/settings/hardware/printers/page.tsx",193,GET,"/api/hardware/printers/{id}/ping","/api/hardware/printers/${printer.id}/ping"
"src/app/(admin)/settings/hardware/printers/page.tsx",223,GET,"/api/hardware/printers/{id}/test","/api/hardware/printers/${printer.id}/test"
"src/app/(admin)/settings/hardware/printers/page.tsx",248,GET,"/api/hardware/printers/{id}","/api/hardware/printers/${hardwareSettingsPrinter.id}"
"src/app/(admin)/settings/hardware/printers/page.tsx",267,GET,"/api/hardware/printers/{id}","/api/hardware/printers/${visualEditorPrinter.id}"
"src/app/(admin)/settings/hardware/printers/page.tsx",74,GET,"/api/hardware/printers","/api/hardware/printers?locationId=${locationId}"
"src/app/(admin)/settings/hardware/routing/page.tsx",127,GET,"/api/menu/categories/{id}","/api/menu/categories/${categoryId}"
"src/app/(admin)/settings/hardware/routing/page.tsx",149,GET,"/api/menu/items/{id}","/api/menu/items/${itemId}"
"src/app/(admin)/settings/hardware/terminals/page.tsx",110,GET,"/api/hardware/terminals/{id}","/api/hardware/terminals/${id}"
"src/app/(admin)/settings/hardware/terminals/page.tsx",121,GET,"/api/hardware/terminals/{id}","/api/hardware/terminals/${terminal.id}"
"src/app/(admin)/settings/hardware/terminals/page.tsx",138,GET,"/api/hardware/terminals/{id}/unpair","/api/hardware/terminals/${terminalId}/unpair"
"src/app/(admin)/settings/hardware/terminals/page.tsx",58,GET,"/api/hardware/terminals","/api/hardware/terminals?locationId=${locationId}"
"src/app/(admin)/settings/hardware/terminals/page.tsx",59,GET,"/api/hardware/printers","/api/hardware/printers?locationId=${locationId}&role=receipt"
"src/app/(admin)/settings/hardware/terminals/page.tsx",60,GET,"/api/employees/roles","/api/employees/roles?locationId=${locationId}"
"src/app/(admin)/settings/hardware/terminals/page.tsx",90,GET,"/api/hardware/terminals/{id}/generate-code","/api/hardware/terminals/${terminalId}/generate-code"
"src/app/(admin)/settings/online-ordering/hours/page.tsx",49,GET,"/api/settings/online-ordering","/api/settings/online-ordering?locationId=${locationId}"
"src/app/(admin)/settings/online-ordering/menu/page.tsx",124,GET,"/api/menu/categories/{id}","/api/menu/categories/${cat.id}"
"src/app/(admin)/settings/online-ordering/menu/page.tsx",141,GET,"/api/menu/items/{id}","/api/menu/items/${item.id}"
"src/app/(admin)/settings/online-ordering/menu/page.tsx",159,GET,"/api/menu/items/{id}","/api/menu/items/${itemId}"
"src/app/(admin)/settings/online-ordering/menu/page.tsx",184,GET,"/api/menu/items/{id}/modifier-groups/{id}","/api/menu/items/${itemId}/modifier-groups/${mg.id}"
"src/app/(admin)/settings/online-ordering/menu/page.tsx",85,GET,"/api/menu","/api/menu?locationId=${locationId}"
"src/app/(admin)/settings/online-ordering/notifications/page.tsx",28,GET,"/api/settings/online-ordering","/api/settings/online-ordering?locationId=${employee.location.id}"
"src/app/(admin)/settings/online-ordering/orders/page.tsx",56,GET,"/api/settings/online-ordering","/api/settings/online-ordering?locationId=${locationId}"
"src/app/(admin)/settings/online-ordering/page.tsx",101,GET,"/api/settings/online-ordering","/api/settings/online-ordering?locationId=${locationId}"
"src/app/(admin)/settings/online-ordering/page.tsx",120,GET,"/api/locations/{id}","/api/locations/${locationId}"
"src/app/(admin)/settings/online-ordering/payments/page.tsx",34,GET,"/api/settings/online-ordering","/api/settings/online-ordering?locationId=${employee.location.id}"
"src/app/(admin)/settings/order-types/page.tsx",138,GET,"/api/order-types/{id}","/api/order-types/${orderType.id}"
"src/app/(admin)/settings/order-types/page.tsx",22,GET,"/api/order-types","/api/order-types?locationId=${locationId}&includeInactive=true"
"src/app/(admin)/settings/order-types/page.tsx",44,GET,"/api/order-types/{id}","/api/order-types/${orderType.id}"
"src/app/(admin)/settings/order-types/page.tsx",86,GET,"/api/order-types/{id}","/api/order-types/${editingType.id}"
"src/app/(admin)/settings/orders/closed/page.tsx",131,GET,"/api/employees","/api/employees?locationId=${locationId}&includeInactive=false"
"src/app/(admin)/settings/orders/closed/page.tsx",155,GET,"/api/orders/closed","/api/orders/closed?${params}"
"src/app/(admin)/settings/page.tsx",56,GET,"/api/hardware/terminals","/api/hardware/terminals?locationId=${locationId}"
"src/app/(admin)/settings/page.tsx",57,GET,"/api/hardware/printers","/api/hardware/printers?locationId=${locationId}"
"src/app/(admin)/settings/page.tsx",58,GET,"/api/hardware/kds-screens","/api/hardware/kds-screens?locationId=${locationId}"
"src/app/(admin)/settings/page.tsx",81,GET,"/api/hardware/payment-readers","/api/hardware/payment-readers?locationId=${locationId}&activeOnly=true"
"src/app/(admin)/settings/payments/page.tsx",81,GET,"/api/datacap/batch","/api/datacap/batch?locationId=${locationId}&readerId=${readerId}"
"src/app/(admin)/settings/payments/page.tsx",98,GET,"/api/hardware/payment-readers","/api/hardware/payment-readers?locationId=${locationId}"
"src/app/(admin)/settings/tip-outs/page.tsx",102,GET,"/api/roles","/api/roles?locationId=${locationId}"
"src/app/(admin)/settings/tip-outs/page.tsx",103,GET,"/api/tip-out-rules","/api/tip-out-rules?locationId=${locationId}"
"src/app/(admin)/settings/tip-outs/page.tsx",212,GET,"/api/tip-out-rules/{id}","/api/tip-out-rules/${ruleId}"
"src/app/(admin)/settings/tip-outs/page.tsx",239,GET,"/api/tip-out-rules/{id}","/api/tip-out-rules/${rule.id}"
"src/app/(admin)/settings/tip-outs/page.tsx",264,GET,"/api/tip-out-rules/{id}","/api/tip-out-rules/${ruleId}"
"src/app/(admin)/settings/tips/page.tsx",107,GET,"/api/settings/tips","/api/settings/tips?locationId=${locationId}&employeeId=${employee?.id ?? "
"src/app/(admin)/settings/tips/page.tsx",130,GET,"/api/tips/group-templates","/api/tips/group-templates?locationId=${locationId}&includeInactive=true"
"src/app/(admin)/settings/tips/page.tsx",131,GET,"/api/roles","/api/roles?locationId=${locationId}"
"src/app/(admin)/settings/tips/page.tsx",280,GET,"/api/tips/group-templates/{id}","/api/tips/group-templates/${id}"
"src/app/(admin)/tax-rules/page.tsx",120,GET,"/api/tax-rules/{id}","/api/tax-rules/${rule.id}"
"src/app/(admin)/tax-rules/page.tsx",70,GET,"/api/menu","/api/menu?locationId=${employee.location.id}"
"src/app/(admin)/timed-rentals/page.tsx",186,GET,"/api/timed-sessions","/api/timed-sessions?locationId=${employee.location.id}"
"src/app/(admin)/timed-rentals/page.tsx",187,GET,"/api/menu","/api/menu?locationId=${employee.location.id}"
"src/app/(admin)/timed-rentals/page.tsx",237,GET,"/api/timed-sessions/{id}","/api/timed-sessions/${sessionId}"
"src/app/(admin)/tip-groups/page.tsx",96,GET,"/api/reports/tip-groups","/api/reports/tip-groups?${params.toString()}"
"src/app/(admin)/tips/payouts/page.tsx",116,GET,"/api/tips/payouts","/api/tips/payouts?${params.toString()}"
"src/app/(admin)/tips/payouts/page.tsx",82,GET,"/api/tips/payouts/batch","/api/tips/payouts/batch?locationId=${locationId}"
"src/app/(auth)/login/page.tsx",101,GET,"/api/time-clock/status","/api/time-clock/status?employeeId=${emp.id}"
"src/app/(kds)/entertainment/page.tsx",167,GET,"/api/orders/{id}","/api/orders/${item.currentOrder.orderId}"
"src/app/(kds)/entertainment/page.tsx",240,GET,"/api/entertainment/block-time","/api/entertainment/block-time?orderItemId=${orderItemId}"
"src/app/(kds)/entertainment/page.tsx",309,GET,"/api/entertainment/waitlist/{id}","/api/entertainment/waitlist/${entryId}"
"src/app/(kds)/entertainment/page.tsx",338,GET,"/api/entertainment/waitlist/{id}","/api/entertainment/waitlist/${entryId}"
"src/app/(kds)/entertainment/page.tsx",43,GET,"/api/entertainment/status","/api/entertainment/status?locationId=${locationId}"
"src/app/(kds)/kds/page.tsx",360,GET,"/api/hardware/kds-screens/{id}/heartbeat","/api/hardware/kds-screens/${screenConfig.id}/heartbeat"
"src/app/(kds)/kds/page.tsx",376,GET,"/api/prep-stations","/api/prep-stations?locationId=${employee.location.id}"
"src/app/(kds)/kds/page.tsx",423,GET,"/api/kds","/api/kds?${params}"
"src/app/(mobile)/mobile/schedule/page.tsx",216,GET,"/api/mobile/schedule","/api/mobile/schedule?${params}"
"src/app/(mobile)/mobile/schedule/page.tsx",237,GET,"/api/shift-swap-requests","/api/shift-swap-requests?${params}"
"src/app/(mobile)/mobile/tabs/[id]/page.tsx",86,GET,"/api/orders/{id}","/api/orders/${tabId}"
"src/app/(mobile)/mobile/tabs/page.tsx",82,GET,"/api/tabs","/api/tabs?${params}"
"src/app/(pos)/crew/commission/page.tsx",63,GET,"/api/reports/commission","/api/reports/commission?employeeId=${employee.id}&locationId=${employee.location.id}&startDate=${dateRange.start}&endDate=${dateRange.end}&requestingEmployeeId=${employee.id}"
"src/app/(pos)/crew/page.tsx",52,GET,"/api/time-clock/status","/api/time-clock/status?employeeId=${employee.id}"
"src/app/(pos)/crew/shift/page.tsx",40,GET,"/api/reports/employee-shift","/api/reports/employee-shift?employeeId=${employee.id}&locationId=${employee.location.id}&date=${selectedDate}&requestingEmployeeId=${employee.id}"
"src/app/(pos)/crew/tip-bank/page.tsx",149,GET,"/api/tips/ledger/{id}","/api/tips/ledger/${employee.id}?${params.toString()}"
"src/app/(pos)/crew/tip-group/page.tsx",204,GET,"/api/tips/groups/{id}/members","/api/tips/groups/${groupId}/members"
"src/app/(pos)/crew/tip-group/page.tsx",264,GET,"/api/tips/groups/{id}","/api/tips/groups/${myGroup.id}"
"src/app/(pos)/crew/tip-group/page.tsx",288,GET,"/api/tips/groups/{id}/members","/api/tips/groups/${myGroup.id}/members"
"src/app/(pos)/crew/tip-group/page.tsx",91,GET,"/api/settings/tips","/api/settings/tips?locationId=${employee.location.id}&employeeId=${employee.id}"
"src/app/(pos)/orders/OrderPageModals.tsx",807,GET,"/api/shifts/{id}","/api/shifts/${shiftId}"
"src/app/(pos)/orders/page.tsx",1213,GET,"/api/orders/{id}/cards","/api/orders/${orderId}/cards"
"src/app/(pos)/orders/page.tsx",1249,GET,"/api/orders/{id}/pay-all-splits","/api/orders/${payAllSplitsParentId}/pay-all-splits"
"src/app/(pos)/orders/page.tsx",1296,GET,"/api/orders/{id}","/api/orders/${savedOrderId}"
"src/app/(pos)/orders/page.tsx",1308,GET,"/api/orders/{id}","/api/orders/${savedOrderId}"
"src/app/(pos)/orders/page.tsx",1339,GET,"/api/orders/{id}/split","/api/orders/${orderId}/split"
"src/app/(pos)/orders/page.tsx",1351,GET,"/api/orders/{id}","/api/orders/${orderId}"
"src/app/(pos)/orders/page.tsx",1383,GET,"/api/orders/{id}/discount","/api/orders/${orderId}/discount"
"src/app/(pos)/orders/page.tsx",1404,GET,"/api/orders/{id}/discount","/api/orders/${orderToPayId}/discount"
"src/app/(pos)/orders/page.tsx",1474,GET,"/api/orders/{id}","/api/orders/${orderId}"
"src/app/(pos)/orders/page.tsx",1562,GET,"/api/combos/{id}","/api/combos/${item.id}"
"src/app/(pos)/orders/page.tsx",1601,GET,"/api/menu/items/{id}/modifier-groups","/api/menu/items/${item.id}/modifier-groups"
"src/app/(pos)/orders/page.tsx",1626,GET,"/api/menu/items/{id}","/api/menu/items/${itemId}"
"src/app/(pos)/orders/page.tsx",1947,GET,"/api/timed-sessions/{id}","/api/timed-sessions/${sessionId}"
"src/app/(pos)/orders/page.tsx",2059,GET,"/api/menu/items/{id}/modifier-groups","/api/menu/items/${item.id}/modifier-groups"
"src/app/(pos)/orders/page.tsx",2114,GET,"/api/orders/{id}/items","/api/orders/${orderId}/items"
"src/app/(pos)/orders/page.tsx",2154,GET,"/api/orders/{id}/items","/api/orders/${orderId}/items"
"src/app/(pos)/orders/page.tsx",2233,GET,"/api/menu/items/{id}/modifiers","/api/menu/items/${menuItem.id}/modifiers"
"src/app/(pos)/orders/page.tsx",2452,GET,"/api/orders/{id}/cards","/api/orders/${orderId}/cards"
"src/app/(pos)/orders/page.tsx",2542,GET,"/api/orders/{id}/cards","/api/orders/${capturedOrderId}/cards"
"src/app/(pos)/orders/page.tsx",2566,GET,"/api/orders/{id}/items","/api/orders/${capturedOrderId}/items"
"src/app/(pos)/orders/page.tsx",2578,GET,"/api/orders/{id}/send","/api/orders/${capturedOrderId}/send"
"src/app/(pos)/orders/page.tsx",2591,GET,"/api/orders/{id}/auto-increment","/api/orders/${capturedOrderId}/auto-increment"
"src/app/(pos)/orders/page.tsx",2730,GET,"/api/orders/{id}/send","/api/orders/${created.id}/send"
"src/app/(pos)/orders/page.tsx",2812,GET,"/api/orders/{id}/split-tickets/create-check","/api/orders/${parentId}/split-tickets/create-check"
"src/app/(pos)/orders/page.tsx",2916,GET,"/api/orders/{id}","/api/orders/${order.id}"
"src/app/(pos)/orders/page.tsx",3036,GET,"/api/orders/{id}","/api/orders/${order.id}"
"src/app/(pos)/orders/page.tsx",3274,GET,"/api/orders/{id}","/api/orders/${cardTabOrderId}"
"src/app/(pos)/orders/page.tsx",3330,GET,"/api/orders/{id}/items","/api/orders/${orderId}/items"
"src/app/(pos)/orders/page.tsx",334,GET,"/api/orders/{id}/cards","/api/orders/${orderId}/cards"
"src/app/(pos)/orders/page.tsx",3358,GET,"/api/orders/{id}","/api/orders/${orderId}"
"src/app/(pos)/orders/page.tsx",3365,GET,"/api/orders/{id}/send","/api/orders/${orderId}/send"
"src/app/(pos)/orders/page.tsx",3371,GET,"/api/orders/{id}/auto-increment","/api/orders/${orderId}/auto-increment"
"src/app/(pos)/orders/page.tsx",3386,GET,"/api/orders/{id}","/api/orders/${cardTabOrderId}"
"src/app/(pos)/orders/page.tsx",3399,GET,"/api/orders/{id}","/api/orders/${cardTabOrderId}"
"src/app/(pos)/orders/page.tsx",3426,GET,"/api/orders/{id}","/api/orders/${savedOrderId}"
"src/app/(pos)/orders/page.tsx",3485,GET,"/api/orders/{id}","/api/orders/${splitId}?view=split"
"src/app/(pos)/orders/page.tsx",373,GET,"/api/orders/{id}/split-tickets","/api/orders/${orderId}/split-tickets"
"src/app/(pos)/orders/page.tsx",524,GET,"/api/orders/{id}/split-tickets","/api/orders/${orderId}/split-tickets"
"src/app/(pos)/orders/page.tsx",597,GET,"/api/session/bootstrap","/api/session/bootstrap?locationId=${employee?.location?.id}&employeeId=${employee.id}"
"src/app/(pos)/orders/page.tsx",665,GET,"/api/menu","/api/menu?locationId=${employee?.location?.id}"
"src/app/(pos)/orders/page.tsx",687,GET,"/api/order-types","/api/order-types?locationId=${employee?.location?.id}"
"src/app/(pos)/orders/page.tsx",760,GET,"/api/timed-sessions","/api/timed-sessions?${params}"
"src/app/(pos)/orders/page.tsx",785,GET,"/api/shifts","/api/shifts?${params}"
"src/app/(pos)/orders/page.tsx",818,GET,"/api/orders/open","/api/orders/open?${params}"
"src/app/(pos)/orders/page.tsx",878,GET,"/api/shifts","/api/shifts?employeeId=${employee.id}&status=open"
"src/app/(pos)/pay-at-table/page.tsx",108,GET,"/api/orders/{id}","/api/orders/${orderId}"
"src/app/(pos)/pay-at-table/page.tsx",169,GET,"/api/datacap/sale","/api/datacap/sale"
"src/app/(pos)/pay-at-table/page.tsx",201,GET,"/api/orders/{id}/pat-complete","/api/orders/${orderId}/pat-complete"
"src/app/(pos)/pay-at-table/page.tsx",73,GET,"/api/orders/{id}/pat-complete","/api/orders/${orderId}/pat-complete"
"src/app/(pos)/tabs/page.tsx",97,GET,"/api/orders","/api/orders?locationId=${employee?.location?.id}&orderType=bar_tab&status=open"
"src/app/(pos)/tips/page.tsx",90,GET,"/api/orders/closed","/api/orders/closed?${params}"
"src/app/(public)/approve-void/[token]/page.tsx",110,GET,"/api/voids/remote-approval/{id}/approve","/api/voids/remote-approval/${token}/approve"
"src/app/(public)/approve-void/[token]/page.tsx",133,GET,"/api/voids/remote-approval/{id}/reject","/api/voids/remote-approval/${token}/reject"
"src/app/(public)/approve-void/[token]/page.tsx",65,GET,"/api/voids/remote-approval/{id}","/api/voids/remote-approval/${token}"
"src/app/(public)/order/page.tsx",312,GET,"/api/online/menu","/api/online/menu?locationId=${encodeURIComponent(locationId)}"
"src/app/[orderCode]/[slug]/page.tsx",303,GET,"/api/online/menu","/api/online/menu?locationId=${encodeURIComponent(locationId)}&slug=${encodeURIComponent(slug)}"
"src/app/[orderCode]/[slug]/page.tsx",912,GET,"/api/public/resolve-order-code","/api/public/resolve-order-code?slug=${encodeURIComponent(slug)}"
"src/components/bartender/BartenderView.tsx",413,GET,"/api/menu","/api/menu?locationId=${locationId}"
"src/components/bartender/BartenderView.tsx",727,GET,"/api/orders/{id}","/api/orders/${selectedTabId}?locationId=${locationId}"
"src/components/bartender/BartenderView.tsx",887,GET,"/api/orders/{id}/items","/api/orders/${orderId}/items"
"src/components/bartender/BartenderView.tsx",898,GET,"/api/orders/{id}/send","/api/orders/${orderId}/send"
"src/components/customers/CustomerLookupModal.tsx",88,GET,"/api/customers","/api/customers?${params}"
"src/components/entertainment/AddToWaitlistModal.tsx",86,GET,"/api/entertainment/waitlist","/api/entertainment/waitlist?locationId=${locationId}&menuItemId=${menuItemId}&status=waiting"
"src/components/entertainment/AddToWaitlistModal.tsx",94,GET,"/api/orders/open","/api/orders/open?locationId=${locationId}"
"src/components/entertainment/SeatFromWaitlistModal.tsx",137,GET,"/api/orders/{id}","/api/orders/${tabId}"
"src/components/entertainment/SeatFromWaitlistModal.tsx",163,GET,"/api/orders/{id}","/api/orders/${tabId}"
"src/components/entertainment/SeatFromWaitlistModal.tsx",214,GET,"/api/orders/{id}","/api/orders/${tabId}"
"src/components/entertainment/SeatFromWaitlistModal.tsx",261,GET,"/api/entertainment/waitlist/{id}","/api/entertainment/waitlist/${entry.id}"
"src/components/floor-plan/FloorPlanHome.tsx",1051,GET,"/api/floorplan/snapshot","/api/floorplan/snapshot?locationId=${locationId}"
"src/components/floor-plan/FloorPlanHome.tsx",1080,GET,"/api/menu","/api/menu?locationId=${locationId}"
"src/components/floor-plan/FloorPlanHome.tsx",1148,GET,"/api/orders/_/seating","/api/orders/_/seating"
"src/components/floor-plan/FloorPlanHome.tsx",1186,GET,"/api/orders/{id}/seating","/api/orders/${prevOrderId}/seating"
"src/components/floor-plan/FloorPlanHome.tsx",1383,GET,"/api/menu/items/{id}","/api/menu/items/${itemId}"
"src/components/floor-plan/FloorPlanHome.tsx",1465,GET,"/api/orders/{id}/seating","/api/orders/${resolvedOrderId}/seating"
"src/components/floor-plan/FloorPlanHome.tsx",1535,GET,"/api/orders/{id}/items/{id}/modifiers","/api/orders/${activeOrderId}/items/${itemId}/modifiers"
"src/components/floor-plan/FloorPlanHome.tsx",1678,GET,"/api/orders/{id}","/api/orders/${activeOrderId}"
"src/components/floor-plan/FloorPlanHome.tsx",1711,GET,"/api/orders/{id}/seating","/api/orders/${orderId}/seating"
"src/components/floor-plan/FloorPlanHome.tsx",1769,GET,"/api/tables/{id}","/api/tables/${tableId}"
"src/components/floor-plan/FloorPlanHome.tsx",1813,GET,"/api/seats/{id}","/api/seats/${seatId}?context=pos"
"src/components/floor-plan/FloorPlanHome.tsx",2680,GET,"/api/orders/{id}","/api/orders/${activeOrderId}"
"src/components/floor-plan/FloorPlanHome.tsx",596,GET,"/api/employees/{id}/preferences","/api/employees/${employeeId}/preferences"
"src/components/floor-plan/FloorPlanHome.tsx",621,GET,"/api/employees/{id}/preferences","/api/employees/${employeeId}/preferences"
"src/components/floor-plan/InteractiveFloorPlan.tsx",60,GET,"/api/tables","/api/tables?locationId=${locationId}&includeSeats=true"
"src/components/floor-plan/InteractiveFloorPlan.tsx",61,GET,"/api/sections","/api/sections?locationId=${locationId}"
"src/components/floor-plan/UnifiedFloorPlan.tsx",188,GET,"/api/tables","/api/tables?locationId=${locationId}&includeSeats=true${roomParam}"
"src/components/floor-plan/UnifiedFloorPlan.tsx",189,GET,"/api/sections","/api/sections?locationId=${locationId}${roomParam}"
"src/components/floor-plan/UnifiedFloorPlan.tsx",346,GET,"/api/tables/{id}","/api/tables/${draggedTableId}"
"src/components/floor-plan/UnifiedFloorPlan.tsx",385,GET,"/api/tables/{id}","/api/tables/${tableId}"
"src/components/floor-plan/UnifiedFloorPlan.tsx",408,GET,"/api/tables/{id}","/api/tables/${tableId}?locationId=${locationId}"
"src/components/floor-plan/UnifiedFloorPlan.tsx",427,GET,"/api/tables/{id}/seats/auto-generate","/api/tables/${tableId}/seats/auto-generate"
"src/components/floor-plan/UnifiedFloorPlan.tsx",456,GET,"/api/tables/{id}","/api/tables/${tableId}"
"src/components/floor-plan/UnifiedFloorPlan.tsx",475,GET,"/api/tables/{id}/seats/{id}","/api/tables/${tableId}/seats/${seatId}"
"src/components/floor-plan/UnifiedFloorPlan.tsx",512,GET,"/api/tables/{id}/seats","/api/tables/${tableId}/seats"
"src/components/floor-plan/UnifiedFloorPlan.tsx",546,GET,"/api/tables/{id}/seats/{id}","/api/tables/${tableId}/seats/${seatId}?employeeId=${employeeId}"
"src/components/floor-plan/UnifiedFloorPlan.tsx",578,GET,"/api/tables/{id}","/api/tables/${tableId}"
"src/components/floor-plan/UnifiedFloorPlan.tsx",671,GET,"/api/tables/{id}","/api/tables/${tableId}"
"src/components/hardware/TerminalFailoverManager.tsx",40,GET,"/api/hardware/terminals/{id}","/api/hardware/terminals/${terminalId}"
"src/components/hardware/TerminalFailoverManager.tsx",56,GET,"/api/hardware/terminals/{id}","/api/hardware/terminals/${terminal.id}"
"src/components/ingredients/IngredientEditorModal.tsx",71,GET,"/api/ingredients","/api/ingredients?locationId=${locationId}&baseOnly=true&includeInactive=false"
"src/components/ingredients/IngredientHierarchy.tsx",182,GET,"/api/ingredients/{id}","/api/ingredients/${ingredient.id}"
"src/components/ingredients/IngredientHierarchy.tsx",212,GET,"/api/ingredients/{id}/recipe","/api/ingredients/${ingredient.id}/recipe"
"src/components/ingredients/IngredientLibrary.tsx",1001,GET,"/api/ingredients/{id}","/api/ingredients/${id}"
"src/components/ingredients/IngredientLibrary.tsx",168,GET,"/api/ingredient-categories","/api/ingredient-categories?${params}"
"src/components/ingredients/IngredientLibrary.tsx",187,GET,"/api/ingredients","/api/ingredients?${params}"
"src/components/ingredients/IngredientLibrary.tsx",200,GET,"/api/ingredient-swap-groups","/api/ingredient-swap-groups?${params}"
"src/components/ingredients/IngredientLibrary.tsx",213,GET,"/api/inventory/items","/api/inventory/items?${params}"
"src/components/ingredients/IngredientLibrary.tsx",226,GET,"/api/inventory/prep-items","/api/inventory/prep-items?${params}"
"src/components/ingredients/IngredientLibrary.tsx",242,GET,"/api/ingredients","/api/ingredients?${params}"
"src/components/ingredients/IngredientLibrary.tsx",391,GET,"/api/ingredient-categories/{id}","/api/ingredient-categories/${category.id}"
"src/components/ingredients/IngredientLibrary.tsx",428,GET,"/api/ingredient-categories/{id}","/api/ingredient-categories/${deletingCategory.id}"
"src/components/ingredients/IngredientLibrary.tsx",483,GET,"/api/ingredients/{id}","/api/ingredients/${ingredient.id}"
"src/components/ingredients/IngredientLibrary.tsx",523,GET,"/api/ingredients/{id}","/api/ingredients/${ingredient.id}"
"src/components/ingredients/IngredientLibrary.tsx",555,GET,"/api/ingredients/{id}","/api/ingredients/${ingredient.id}?permanent=true"
"src/components/ingredients/IngredientLibrary.tsx",574,GET,"/api/ingredients/{id}","/api/ingredients/${ingredient.id}"
"src/components/ingredients/IngredientLibrary.tsx",590,GET,"/api/ingredients/{id}","/api/ingredients/${ingredient.id}"
"src/components/ingredients/IngredientLibrary.tsx",616,GET,"/api/ingredient-categories/{id}","/api/ingredient-categories/${category.id}"
"src/components/ingredients/IngredientLibrary.tsx",984,GET,"/api/ingredients/{id}","/api/ingredients/${id}"
"src/components/ingredients/InventoryItemEditor.tsx",108,GET,"/api/ingredients","/api/ingredients?locationId=${ingredient.locationId}&baseOnly=true&groupByCategory=true"
"src/components/ingredients/InventoryItemEditor.tsx",134,GET,"/api/ingredients/{id}/recipe-cost","/api/ingredients/${ingredient.id}/recipe-cost"
"src/components/ingredients/InventoryItemEditor.tsx",159,GET,"/api/ingredients/{id}/recipe","/api/ingredients/${ingredient.id}/recipe"
"src/components/ingredients/InventoryItemEditor.tsx",186,GET,"/api/ingredients/{id}/recipe","/api/ingredients/${ingredient.id}/recipe?recipeId=${recipeId}"
"src/components/ingredients/InventoryItemEditor.tsx",208,GET,"/api/ingredients/{id}/recipe","/api/ingredients/${ingredient.id}/recipe"
"src/components/ingredients/InventoryItemEditor.tsx",95,GET,"/api/ingredients/{id}/recipe","/api/ingredients/${ingredient.id}/recipe"
"src/components/ingredients/PrepItemEditor.tsx",123,GET,"/api/ingredients","/api/ingredients?locationId=${locId}&baseOnly=true&includeInactive=false"
"src/components/inventory/BeverageInventoryView.tsx",524,GET,"/api/liquor/bottles/{id}","/api/liquor/bottles/${bottle.id}"
"src/components/liquor/LiquorInventory.tsx",360,GET,"/api/liquor/categories/{id}","/api/liquor/categories/${editingCategory.id}"
"src/components/liquor/LiquorInventory.tsx",387,GET,"/api/liquor/categories/{id}","/api/liquor/categories/${category.id}"
"src/components/liquor/LiquorInventory.tsx",462,GET,"/api/liquor/bottles/{id}","/api/liquor/bottles/${editingBottle.id}"
"src/components/liquor/LiquorInventory.tsx",544,GET,"/api/liquor/bottles/{id}","/api/liquor/bottles/${bottle.id}"
"src/components/liquor/LiquorInventory.tsx",637,GET,"/api/liquor/bottles/{id}","/api/liquor/bottles/${bottle.id}"
"src/components/liquor/LiquorModifiers.tsx",101,GET,"/api/menu/modifiers/{id}","/api/menu/modifiers/${groupId}"
"src/components/menu/ItemEditor.tsx",132,GET,"/api/menu/items/{id}/ingredients","/api/menu/items/${item.id}/ingredients"
"src/components/menu/ItemEditor.tsx",133,GET,"/api/menu/items/{id}/modifier-groups","/api/menu/items/${item.id}/modifier-groups"
"src/components/menu/ItemSettingsModal.tsx",131,GET,"/api/menu/items/{id}/inventory-recipe","/api/menu/items/${itemId}/inventory-recipe"
"src/components/menu/ItemSettingsModal.tsx",150,GET,"/api/menu/items/{id}/ingredients","/api/menu/items/${itemId}/ingredients"
"src/components/menu/ItemSettingsModal.tsx",158,GET,"/api/ingredients/{id}/cost","/api/ingredients/${i.ingredientId}/cost"
"src/components/menu/ItemSettingsModal.tsx",216,GET,"/api/menu/items/{id}","/api/menu/items/${itemId}"
"src/components/menu/ItemSettingsModal.tsx",85,GET,"/api/menu/items/{id}","/api/menu/items/${itemId}"
"src/components/menu/ItemTreeView.tsx",72,GET,"/api/menu/items/{id}/modifier-groups","/api/menu/items/${item.id}/modifier-groups"
"src/components/menu/ItemTreeView.tsx",73,GET,"/api/menu/items/{id}/ingredients","/api/menu/items/${item.id}/ingredients"
"src/components/menu/ModifierFlowEditor.tsx",117,GET,"/api/menu/items/{id}/modifier-groups/{id}","/api/menu/items/${item.id}/modifier-groups/${selectedGroupId}"
"src/components/menu/ModifierFlowEditor.tsx",262,GET,"/api/menu/items/{id}/modifier-groups/{id}","/api/menu/items/${item.id}/modifier-groups/${selectedGroupId}"
"src/components/menu/ModifierFlowEditor.tsx",280,GET,"/api/menu/items/{id}/modifier-groups/{id}","/api/menu/items/${item.id}/modifier-groups/${selectedGroupId}"
"src/components/menu/ModifierFlowEditor.tsx",78,GET,"/api/menu/items/{id}/modifier-groups","/api/menu/items/${item.id}/modifier-groups"
"src/components/menu/RecipeBuilder.tsx",113,GET,"/api/menu/items/{id}/recipe","/api/menu/items/${menuItemId}/recipe"
"src/components/menu/RecipeBuilder.tsx",114,GET,"/api/ingredients","/api/ingredients?locationId=${locationId}&groupByCategory=true&hierarchy=true"
"src/components/menu/RecipeBuilder.tsx",286,GET,"/api/menu/items/{id}/recipe","/api/menu/items/${menuItemId}/recipe"
"src/components/menu/useIngredientOperations.ts",22,GET,"/api/menu/items/{id}/ingredients","/api/menu/items/${itemId}/ingredients"
"src/components/menu/useModifierEditor.ts",148,GET,"/api/menu/items/{id}/modifier-groups/{id}/modifiers","/api/menu/items/${itemId}/modifier-groups/${groupId}/modifiers?modifierId=${modifierId}"
"src/components/menu/useModifierEditor.ts",196,GET,"/api/menu/items/{id}/modifier-groups","/api/menu/items/${itemId}/modifier-groups"
"src/components/menu/useModifierEditor.ts",221,GET,"/api/menu/items/{id}/modifier-groups/{id}/modifiers","/api/menu/items/${itemId}/modifier-groups/${groupId}/modifiers"
"src/components/menu/useModifierEditor.ts",239,GET,"/api/menu/items/{id}/modifier-groups","/api/menu/items/${itemId}/modifier-groups"
"src/components/menu/useModifierEditor.ts",285,GET,"/api/modifiers/{id}/inventory-link","/api/modifiers/${modifierId}/inventory-link"
"src/components/menu/useModifierEditor.ts",66,GET,"/api/menu/items/{id}/modifier-groups/{id}/modifiers","/api/menu/items/${itemId}/modifier-groups/${groupId}/modifiers"
"src/components/menu/useModifierEditor.ts",92,GET,"/api/menu/items/{id}/modifier-groups/{id}/modifiers","/api/menu/items/${itemId}/modifier-groups/${groupId}/modifiers"
"src/components/menu/useModifierGroupManager.ts",129,GET,"/api/menu/items/{id}/modifier-groups/{id}","/api/menu/items/${itemId}/modifier-groups/${groupId}"
"src/components/menu/useModifierGroupManager.ts",168,GET,"/api/menu/items/{id}/modifier-groups/{id}","/api/menu/items/${itemId}/modifier-groups/${groupId}?preview=true"
"src/components/menu/useModifierGroupManager.ts",194,GET,"/api/menu/items/{id}/modifier-groups/{id}","/api/menu/items/${itemId}/modifier-groups/${groupId}"
"src/components/menu/useModifierGroupManager.ts",213,GET,"/api/menu/items/{id}/modifier-groups","/api/menu/items/${itemId}/modifier-groups"
"src/components/menu/useModifierGroupManager.ts",241,GET,"/api/menu/items/{id}/modifier-groups/{id}/modifiers","/api/menu/items/${itemId}/modifier-groups/${parentGroupId}/modifiers"
"src/components/menu/useModifierGroupManager.ts",251,GET,"/api/menu/items/{id}/modifier-groups","/api/menu/items/${itemId}/modifier-groups"
"src/components/menu/useModifierGroupManager.ts",300,GET,"/api/menu/items/{id}/modifier-groups","/api/menu/items/${itemId}/modifier-groups"
"src/components/menu/useModifierGroupManager.ts",358,GET,"/api/menu/items/{id}/modifier-groups/{id}/modifiers","/api/menu/items/${itemId}/modifier-groups/${groupId}/modifiers"
"src/components/menu/useModifierGroupManager.ts",377,GET,"/api/menu/items/{id}/modifier-groups","/api/menu/items/${itemId}/modifier-groups"
"src/components/menu/useModifierGroupManager.ts",482,GET,"/api/menu/items/{id}/modifier-groups/{id}/modifiers","/api/menu/items/${itemId}/modifier-groups/${targetGroupId}/modifiers"
"src/components/menu/useModifierGroupManager.ts",492,GET,"/api/menu/items/{id}/modifier-groups","/api/menu/items/${itemId}/modifier-groups"
"src/components/menu/useModifierGroupManager.ts",92,GET,"/api/menu/items/{id}/modifier-groups","/api/menu/items/${itemId}/modifier-groups"
"src/components/modifiers/useModifierSelections.ts",278,GET,"/api/menu/items/{id}/ingredients","/api/menu/items/${item.id}/ingredients"
"src/components/modifiers/useModifierSelections.ts",420,GET,"/api/menu/modifiers/{id}","/api/menu/modifiers/${groupId}"
"src/components/orders/AdjustTipModal.tsx",77,GET,"/api/orders/{id}/adjust-tip","/api/orders/${order.id}/adjust-tip"
"src/components/orders/ClosedOrderActionsModal.tsx",116,GET,"/api/orders/{id}","/api/orders/${order.id}"
"src/components/orders/ClosedOrderActionsModal.tsx",148,GET,"/api/orders/{id}/items","/api/orders/${currentOrderId}/items"
"src/components/orders/ClosedOrderActionsModal.tsx",193,GET,"/api/orders/{id}/reopen","/api/orders/${order.id}/reopen"
"src/components/orders/ClosedOrderActionsModal.tsx",220,GET,"/api/orders/{id}/void-payment","/api/orders/${order.id}/void-payment"
"src/components/orders/ClosedOrderActionsModal.tsx",255,GET,"/api/orders/{id}/pay","/api/orders/${order.id}/pay"
"src/components/orders/CompVoidModal.tsx",117,GET,"/api/orders/{id}/comp-void","/api/orders/${orderId}/comp-void"
"src/components/orders/CompVoidModal.tsx",158,GET,"/api/orders/{id}/comp-void","/api/orders/${orderId}/comp-void"
"src/components/orders/CompVoidModal.tsx",209,GET,"/api/voids/remote-approval/{id}/status","/api/voids/remote-approval/${approvalData.approvalId}/status"
"src/components/orders/CompVoidModal.tsx",213,GET,"/api/orders/{id}/comp-void","/api/orders/${orderId}/comp-void"
"src/components/orders/CourseControlBar.tsx",101,GET,"/api/orders/{id}/courses","/api/orders/${orderId}/courses"
"src/components/orders/CourseControlBar.tsx",42,GET,"/api/orders/{id}/courses","/api/orders/${orderId}/courses"
"src/components/orders/CourseControlBar.tsx",62,GET,"/api/orders/{id}/courses","/api/orders/${orderId}/courses"
"src/components/orders/CourseControlBar.tsx",82,GET,"/api/orders/{id}/advance-course","/api/orders/${orderId}/advance-course"
"src/components/orders/CourseOverviewPanel.tsx",45,GET,"/api/orders/{id}/courses","/api/orders/${orderId}/courses"
"src/components/orders/CourseOverviewPanel.tsx",68,GET,"/api/orders/{id}/courses","/api/orders/${orderId}/courses"
"src/components/orders/DiscountModal.tsx",108,GET,"/api/discounts","/api/discounts?${params}"
"src/components/orders/DiscountModal.tsx",130,GET,"/api/orders/{id}/discount","/api/orders/${orderId}/discount"
"src/components/orders/DiscountModal.tsx",179,GET,"/api/orders/{id}/discount","/api/orders/${orderId}/discount"
"src/components/orders/EntertainmentSessionControls.tsx",98,GET,"/api/entertainment/block-time","/api/entertainment/block-time?orderItemId=${orderItemId}&locationId=${locationId}"
"src/components/orders/ItemTransferModal.tsx",136,GET,"/api/orders/{id}/transfer-items","/api/orders/${currentOrderId}/transfer-items"
"src/components/orders/ItemTransferModal.tsx",73,GET,"/api/orders/{id}/transfer-items","/api/orders/${currentOrderId}/transfer-items?${params}"
"src/components/orders/OpenOrdersPanel.tsx",268,GET,"/api/orders/open","/api/orders/open?locationId=${locationId}&summary=true&previousDay=true"
"src/components/orders/OpenOrdersPanel.tsx",361,GET,"/api/orders/closed","/api/orders/closed?${params}"
"src/components/orders/OrderPanel.tsx",530,GET,"/api/orders/{id}","/api/orders/${id}"
"src/components/orders/OrderTypeSelector.tsx",82,GET,"/api/order-types","/api/order-types?locationId=${locationId}"
"src/components/orders/RemoteVoidApprovalModal.tsx",162,GET,"/api/voids/remote-approval/managers","/api/voids/remote-approval/managers?locationId=${locationId}"
"src/components/orders/RemoteVoidApprovalModal.tsx",99,GET,"/api/voids/remote-approval/{id}/status","/api/voids/remote-approval/${approvalId}/status"
"src/components/orders/ReopenOrderModal.tsx",66,GET,"/api/orders/{id}/reopen","/api/orders/${order.id}/reopen"
"src/components/orders/SeatCourseHoldControls.tsx",46,GET,"/api/orders/{id}/items/{id}","/api/orders/${orderId}/items/${itemId}"
"src/components/orders/SplitCheckScreen.tsx",150,GET,"/api/orders/{id}/split-tickets","/api/orders/${parentOrderId}/split-tickets"
"src/components/orders/SplitCheckScreen.tsx",261,GET,"/api/orders/{id}/split-tickets","/api/orders/${parentOrderId}/split-tickets"
"src/components/orders/SplitCheckScreen.tsx",302,GET,"/api/orders/{id}/split-tickets","/api/orders/${parentOrderId}/split-tickets"
"src/components/orders/SplitCheckScreen.tsx",337,GET,"/api/orders/{id}/split-tickets","/api/orders/${parentOrderId}/split-tickets"
"src/components/orders/SplitCheckScreen.tsx",403,GET,"/api/orders/{id}/split-tickets/create-check","/api/orders/${parentOrderId}/split-tickets/create-check"
"src/components/orders/SplitCheckScreen.tsx",412,GET,"/api/orders/{id}/split-tickets","/api/orders/${parentOrderId}/split-tickets"
"src/components/orders/SplitCheckScreen.tsx",464,GET,"/api/orders/{id}/split-tickets/{id}","/api/orders/${parentOrderId}/split-tickets/${splitId}"
"src/components/orders/SplitCheckScreen.tsx",940,GET,"/api/orders/{id}/split","/api/orders/${orderId}/split"
"src/components/orders/SplitCheckScreen.tsx",952,GET,"/api/orders/{id}/split-tickets","/api/orders/${orderId}/split-tickets"
"src/components/orders/TableOptionsPopover.tsx",62,GET,"/api/orders/{id}","/api/orders/${id}"
"src/components/orders/TablePickerModal.tsx",64,GET,"/api/tables","/api/tables?locationId=${locationId}"
"src/components/orders/VoidPaymentModal.tsx",116,GET,"/api/orders/{id}/refund-payment","/api/orders/${order.id}/refund-payment"
"src/components/orders/VoidPaymentModal.tsx",147,GET,"/api/orders/{id}/void-payment","/api/orders/${order.id}/void-payment"
"src/components/payment/PaymentModal.tsx",192,GET,"/api/orders/{id}","/api/orders/${orderId}"
"src/components/payment/PaymentModal.tsx",211,GET,"/api/orders/{id}","/api/orders/${orderId}"
"src/components/payment/PaymentModal.tsx",381,GET,"/api/orders/{id}/close-tab","/api/orders/${orderId}/close-tab"
"src/components/payment/PaymentModal.tsx",425,GET,"/api/orders/{id}/cards","/api/orders/${orderId}/cards"
"src/components/payment/PaymentModal.tsx",463,GET,"/api/house-accounts","/api/house-accounts?locationId=${locationId || "
"src/components/payment/PaymentModal.tsx",486,GET,"/api/gift-cards/{id}","/api/gift-cards/${giftCardNumber.trim().toUpperCase()}"
"src/components/payment/PaymentModal.tsx",676,GET,"/api/orders/{id}/pay","/api/orders/${orderId}/pay"
"src/components/payment/PaymentModal.tsx",711,GET,"/api/orders/{id}/pay","/api/orders/${orderId}/pay"
"src/components/payment/QuickPayButton.tsx",94,GET,"/api/orders/{id}/pay","/api/orders/${orderId}/pay"
"src/components/receipt/ReceiptModal.tsx",51,GET,"/api/orders/{id}/receipt","/api/orders/${orderId}/receipt?locationId=${locationId}"
"src/components/shifts/ShiftCloseoutModal.tsx",1216,GET,"/api/shifts/{id}","/api/shifts/${shift.id}"
"src/components/shifts/ShiftCloseoutModal.tsx",225,GET,"/api/shifts/{id}","/api/shifts/${shift.id}"
"src/components/shifts/ShiftCloseoutModal.tsx",250,GET,"/api/tip-out-rules","/api/tip-out-rules?locationId=${shift.locationId}"
"src/components/shifts/ShiftCloseoutModal.tsx",251,GET,"/api/employees","/api/employees?locationId=${shift.locationId}"
"src/components/shifts/ShiftCloseoutModal.tsx",282,GET,"/api/tips/ledger","/api/tips/ledger?locationId=${shift.locationId}&employeeId=${shift.employee.id}"
"src/components/shifts/ShiftCloseoutModal.tsx",285,GET,"/api/settings/tips","/api/settings/tips?locationId=${shift.locationId}&employeeId=${shift.employee.id}"
"src/components/shifts/ShiftCloseoutModal.tsx",483,GET,"/api/shifts/{id}","/api/shifts/${shift.id}"
"src/components/shifts/ShiftStartModal.tsx",59,GET,"/api/drawers","/api/drawers?locationId=${locationId}"
"src/components/tabs/BottleServiceBanner.tsx",37,GET,"/api/orders/{id}/bottle-service","/api/orders/${orderId}/bottle-service"
"src/components/tabs/CardFirstTabFlow.tsx",64,GET,"/api/orders/{id}/open-tab","/api/orders/${orderId}/open-tab"
"src/components/tabs/TabsPanel.tsx",70,GET,"/api/tabs","/api/tabs?${params}"
"src/components/time-clock/TimeClockModal.tsx",142,GET,"/api/time-clock","/api/time-clock?${params}"
"src/components/time-clock/TimeClockModal.tsx",160,GET,"/api/employees/{id}/tips","/api/employees/${employeeId}/tips"
"src/components/time-clock/TimeClockModal.tsx",177,GET,"/api/employees","/api/employees?locationId=${locationId}"
"src/components/time-clock/TimeClockModal.tsx",308,GET,"/api/employees/{id}/open-tabs","/api/employees/${employeeId}/open-tabs"
"src/components/tips/ActiveGroupManager.tsx",117,GET,"/api/tips/groups","/api/tips/groups?locationId=${locationId}&status=active"
"src/components/tips/ActiveGroupManager.tsx",135,GET,"/api/employees","/api/employees?locationId=${locationId}"
"src/components/tips/ActiveGroupManager.tsx",156,GET,"/api/tips/groups/{id}/members","/api/tips/groups/${groupId}/members"
"src/components/tips/ActiveGroupManager.tsx",176,GET,"/api/tips/groups/{id}/members","/api/tips/groups/${groupId}/members?employeeId=${targetEmployeeId}"
"src/components/tips/ActiveGroupManager.tsx",195,GET,"/api/tips/groups/{id}/members","/api/tips/groups/${groupId}/members?employeeId=${targetEmployeeId}"
"src/components/tips/ActiveGroupManager.tsx",214,GET,"/api/tips/groups/{id}","/api/tips/groups/${groupId}"
"src/components/tips/ActiveGroupManager.tsx",236,GET,"/api/tips/groups/{id}/members","/api/tips/groups/${addMemberGroupId}/members"
"src/components/tips/ActiveGroupManager.tsx",263,GET,"/api/tips/groups/{id}","/api/tips/groups/${closeGroupId}"
"src/components/tips/ManualTipTransferModal.tsx",42,GET,"/api/employees","/api/employees?locationId=${locationId}"
"src/components/tips/SharedOwnershipModal.tsx",135,GET,"/api/shifts","/api/shifts?${params}"
"src/components/tips/SharedOwnershipModal.tsx",169,GET,"/api/orders/{id}/ownership","/api/orders/${orderId}/ownership"
"src/components/tips/SharedOwnershipModal.tsx",215,GET,"/api/orders/{id}/ownership","/api/orders/${orderId}/ownership"
"src/components/tips/SharedOwnershipModal.tsx",247,GET,"/api/orders/{id}/ownership","/api/orders/${orderId}/ownership"
"src/components/tips/SharedOwnershipModal.tsx",296,GET,"/api/orders/{id}/ownership","/api/orders/${orderId}/ownership"
"src/components/tips/SharedOwnershipModal.tsx",324,GET,"/api/orders/{id}","/api/orders/${orderId}"
"src/components/tips/SharedOwnershipModal.tsx",332,GET,"/api/orders/{id}/ownership","/api/orders/${orderId}/ownership"
"src/components/tips/SharedOwnershipModal.tsx",84,GET,"/api/orders/{id}/ownership","/api/orders/${orderId}/ownership?${params}"
"src/components/tips/TipAdjustmentOverlay.tsx",86,GET,"/api/orders/closed","/api/orders/closed?${params}"
"src/domains/floor-plan/admin/FloorPlanEditor.tsx",120,GET,"/api/sections","/api/sections?locationId=${locationId}"
"src/domains/floor-plan/admin/FloorPlanEditor.tsx",146,GET,"/api/floor-plan-elements","/api/floor-plan-elements?locationId=${locationId}&sectionId=${selectedRoomId}"
"src/domains/floor-plan/admin/FloorPlanEditor.tsx",168,GET,"/api/tables","/api/tables?locationId=${locationId}&sectionId=${selectedRoomId}&includeSeats=true"
"src/domains/floor-plan/admin/FloorPlanEditor.tsx",329,GET,"/api/floor-plan-elements/{id}","/api/floor-plan-elements/${fixtureId}"
"src/domains/floor-plan/admin/FloorPlanEditor.tsx",382,GET,"/api/floor-plan-elements/{id}","/api/floor-plan-elements/${fixtureId}?locationId=${locationId}"
"src/domains/floor-plan/admin/FloorPlanEditor.tsx",433,GET,"/api/floor-plan-elements/{id}","/api/floor-plan-elements/${selectedEntertainmentElement.id}?locationId=${locationId}"
"src/domains/floor-plan/admin/FloorPlanEditor.tsx",489,GET,"/api/floor-plan-elements/{id}","/api/floor-plan-elements/${selectedEntertainmentElement.id}?locationId=${locationId}"
"src/domains/floor-plan/admin/FloorPlanEditor.tsx",639,GET,"/api/tables/{id}","/api/tables/${tableId}"
"src/domains/floor-plan/admin/FloorPlanEditor.tsx",686,GET,"/api/tables/{id}","/api/tables/${tableId}?locationId=${locationId}"
"src/domains/floor-plan/admin/FloorPlanEditor.tsx",725,GET,"/api/tables/{id}/seats/auto-generate","/api/tables/${tableId}/seats/auto-generate"
"src/domains/floor-plan/admin/FloorPlanEditor.tsx",748,GET,"/api/tables/{id}/seats/auto-generate","/api/tables/${tableId}/seats/auto-generate"
"src/domains/floor-plan/admin/FloorPlanEditor.tsx",817,GET,"/api/tables/{id}/seats/reflow","/api/tables/${tableId}/seats/reflow"
"src/domains/floor-plan/admin/FloorPlanEditor.tsx",857,GET,"/api/seats/{id}","/api/seats/${seatId}"
"src/domains/floor-plan/admin/FloorPlanEditor.tsx",922,GET,"/api/floor-plan-elements/{id}","/api/floor-plan-elements/${el.id}"
"src/domains/floor-plan/admin/FloorPlanEditorDB.tsx",105,GET,"/api/sections","/api/sections?locationId=${locationId}"
"src/domains/floor-plan/admin/FloorPlanEditorDB.tsx",130,GET,"/api/floor-plan-elements","/api/floor-plan-elements?locationId=${locationId}&sectionId=${selectedSectionId}"
"src/domains/floor-plan/admin/FloorPlanEditorDB.tsx",216,GET,"/api/floor-plan-elements/{id}","/api/floor-plan-elements/${elementId}"
"src/domains/floor-plan/admin/FloorPlanEditorDB.tsx",256,GET,"/api/floor-plan-elements/{id}","/api/floor-plan-elements/${elementId}"
"src/domains/floor-plan/admin/FloorPlanEditorDB.tsx",327,GET,"/api/floor-plan-elements/{id}","/api/floor-plan-elements/${element.id}"
"src/hooks/useActiveOrder.ts",1121,GET,"/api/orders/{id}/items","/api/orders/${orderId}/items"
"src/hooks/useActiveOrder.ts",1166,GET,"/api/orders/{id}/send","/api/orders/${orderId}/send"
"src/hooks/useActiveOrder.ts",1234,GET,"/api/orders/{id}/fire-course","/api/orders/${orderId}/fire-course"
"src/hooks/useActiveOrder.ts",1287,GET,"/api/orders/{id}/send","/api/orders/${orderId}/send"
"src/hooks/useActiveOrder.ts",1340,GET,"/api/orders/{id}/items/{id}","/api/orders/${orderId}/items/${itemId}"
"src/hooks/useActiveOrder.ts",1353,GET,"/api/orders/{id}/send","/api/orders/${orderId}/send"
"src/hooks/useActiveOrder.ts",187,GET,"/api/orders/{id}","/api/orders/${orderId}"
"src/hooks/useActiveOrder.ts",213,GET,"/api/orders/{id}","/api/orders/${order.id}"
"src/hooks/useActiveOrder.ts",321,GET,"/api/orders/{id}/items","/api/orders/${order.id}/items"
"src/hooks/useActiveOrder.ts",472,GET,"/api/orders/{id}/items","/api/orders/${existingId}/items"
"src/hooks/useActiveOrder.ts",552,GET,"/api/orders/{id}/items","/api/orders/${order.id}/items"
"src/hooks/useActiveOrder.ts",622,GET,"/api/orders/{id}/items","/api/orders/${order.id}/items"
"src/hooks/useActiveOrder.ts",671,GET,"/api/orders/{id}/items/{id}","/api/orders/${orderId}/items/${itemId}"
"src/hooks/useActiveOrder.ts",692,GET,"/api/orders/{id}","/api/orders/${remaining.id}"
"src/hooks/useActiveOrder.ts",717,GET,"/api/orders/{id}/items/{id}","/api/orders/${orderId}/items/${itemId}"
"src/hooks/useActiveOrder.ts",747,GET,"/api/orders/{id}/items/{id}","/api/orders/${orderId}/items/${itemId}"
"src/hooks/useActiveOrder.ts",792,GET,"/api/orders/{id}/items/{id}","/api/orders/${orderId}/items/${itemId}"
"src/hooks/useActiveOrder.ts",824,GET,"/api/orders/{id}/items/{id}","/api/orders/${orderId}/items/${itemId}"
"src/hooks/useActiveOrder.ts",851,GET,"/api/orders/{id}/items/{id}","/api/orders/${orderId}/items/${itemId}"
"src/hooks/useActiveOrder.ts",887,GET,"/api/orders/{id}/items/{id}","/api/orders/${orderId}/items/${itemId}"
"src/hooks/useActiveOrder.ts",992,GET,"/api/orders/{id}/fire-course","/api/orders/${resolvedOrderId}/fire-course"
"src/hooks/useDatacap.ts",157,GET,"/api/hardware/terminals/{id}","/api/hardware/terminals/${terminalId}"
"src/hooks/useDatacap.ts",245,GET,"/api/hardware/payment-readers/{id}/ping","/api/hardware/payment-readers/${reader.id}/ping"
"src/hooks/useDatacap.ts",272,GET,"/api/hardware/payment-readers/{id}/verify","/api/hardware/payment-readers/${reader.id}/verify"
"src/hooks/useDatacap.ts",300,GET,"/api/hardware/terminals/{id}","/api/hardware/terminals/${terminalId}"
"src/hooks/useDataRetention.ts",22,GET,"/api/settings","/api/settings?locationId=${employee.location.id}&employeeId=${employee.id}"
"src/hooks/useDataRetention.ts",32,GET,"/api/location","/api/location?locationId=${employee.location.id}&employeeId=${employee.id}"
"src/hooks/useIngredientCost.ts",58,GET,"/api/ingredients/{id}/cost","/api/ingredients/${parentIngredientId}/cost"
"src/hooks/useMenuSearch.ts",70,GET,"/api/menu/search","/api/menu/search?locationId=${locationId}&q=${encodeURIComponent(debouncedQuery)}"
"src/hooks/useOrderingEngine.ts",433,GET,"/api/menu/items/{id}/modifier-groups","/api/menu/items/${item.id}/modifier-groups"
"src/hooks/useOrderTypes.ts",51,GET,"/api/order-types","/api/order-types?locationId=${locationId}"
"src/hooks/usePOSLayout.ts",105,GET,"/api/employees/{id}/layout","/api/employees/${employeeId}/layout"
"src/hooks/usePOSLayout.ts",128,GET,"/api/employees/{id}/layout","/api/employees/${employeeId}/layout"
"src/lib/health-monitor.ts",49,GET,"/api/orders","/api/orders?locationId=${locationId}&limit=1"
"src/lib/health-monitor.ts",89,GET,"/api/employees","/api/employees?locationId=${locationId}&limit=1"
"src/lib/offline-manager.ts",385,GET,"/api/orders/{id}/pay","/api/orders/${orderId}/pay"
"src/lib/order-utils.ts",244,GET,"/api/orders/{id}","/api/orders/${orderId}?view=${view}"
"src/lib/order-utils.ts",245,GET,"/api/orders/{id}/split-tickets","/api/orders/${orderId}/split-tickets"
"src/lib/order-utils.ts",265,GET,"/api/orders/{id}","/api/orders/${orderId}?view=${view}"
"src/lib/order-utils.ts",279,GET,"/api/orders/{id}/split-tickets","/api/orders/${orderId}/split-tickets"
"src/lib/order-version.ts",62,GET,"/api/orders/{id}","/api/orders/${orderId}"
"src/lib/split-order-loader.ts",12,GET,"/api/orders/{id}","/api/orders/${splitId}?view=split"
